"Event15CharMax","Date","Host","URL"
"Gov. Period #4","6/30/2022 - 9/30/2022","Algorand Foundation","https://governance.algorand.foundation/governance-period-4"
"Univ. Ideathon","8/8/2022 - 8/12/2022","Algorand Foundation","https://www.eventbrite.com/e/blockchain-ideathon-idea2earn-2022-tickets-389149325107"
"Grnhse Deadln","8/22/2022 - 8/22/2022","Algorand Foundation","https://www.algorand.foundation/developer-greenhouse"
"Grnhse Voting","8/22/2022 - 8/26/2022","Algorand Foundation","https://www.algorand.foundation/developer-greenhouse"
"Grnhse Judging","8/30/2022 - 8/30/2022","Algorand Foundation","https://www.algorand.foundation/developer-greenhouse"
"Grnhse Winners","9/7/2022 - 9/7/2022 ","Algorand Foundation","https://www.algorand.foundation/developer-greenhouse"
"Algorand Accel.","9/13/2022 - 10/31/2022","Algorand Foundation","https://www.algorandaccelerate.com/"
"AVM Singapore","9/27/2022 - 9/27/2022","Algorand Foundation","https://mobile.twitter.com/AlgoFoundation/status/1536387788823748610"
"AXL Apac Accel.","9/27/2022 - 10/31/2022","Algorand Foundation","https://www.axl.ventures/"
"Grnhse 2","9/27/2022 - 11/23/2022","Algorand Foundation","https://gitcoin.co/hackathon/greenhouse/onboard?registration=greenhouse"
"Hack Shack - SG","9/28/2022 - 9/29/2022","Algorand Foundation","https://www.eventbrite.com/e/algorand-developer-greenhouse-hack-shack-singapore-tickets-396422027957?aff=twitter"
"TOKEN 2049 SG.","9/28/2022 - 9/30/2022","Algorand Foundation","https://www.asia.token2049.com/"
"Gov. Period #5","9/30/2022 - 10/21/2022","Algorand Foundation","https://governance.algorand.foundation/governance-period-5"
"Blkchn Law Conf","10/20/2022 - 10/21/2022","Algorand Foundation","https://bl4sgconf.blockchainlawsg.org/"
"ClimateRiseDay","10/22/2022 - 10/22/2022","Algorand Foundation","https://support.climateride.org/index.cfm?fuseaction=donordrive.team&teamID=6277"
"Careers & Entr.","10/26/2022 - 10/26/2022","Algorand Foundation","https://www.eventbrite.com/e/careers-and-entrepreneurship-in-the-crypto-ecosystem-tickets-421535934327"
"Blkchn Expo Tky","10/26/2022 - 10/28/2022","Algorand Foundation","https://www.nextech-week.jp/hub/en-gb/exhibit/bc.html"
"FutureBlkchnReg","10/31/2022 - 10/31/2022","Algorand Foundation","https://www.eventbrite.com/e/what-is-the-future-of-blockchain-regulation-tickets-430930714367"
"Algo. Eth. Lisb","10/31/2022 - 10/31/2022","Algorand Foundation","https://www.eventbrite.com/e/algorand-at-eth-lisbon-tickets-439239195257"
"Grnhse 2 Deadln","11/2/2022 - 11/2/2022","Algorand Foundation","https://gitcoin.co/hackathon/greenhouse/onboard?registration=greenhouse"
"Grnhse2Judging","11/23/2022 - 11/23/2022","Algorand Foundation","https://gitcoin.co/hackathon/greenhouse/onboard?registration=greenhouse"
"Decipher 2022","11/28/2022 - 11/30/2022","Algorand Foundation","https://twitter.com/Algorand/status/1534891850301054977"