"Title15CharMax","Exp. Req.","Organization","Location","URL"
"Lead DevOps Eng","4 years","Rand Labs","Remote","https://boards.greenhouse.io/randlabs/jobs/4108053005"
"Treasury Analys","1 year","Algorand Foundation","Singapore, Singapore","https://algorandfoundation.bamboohr.com/jobs/view.php?id=34"
"Developer Relat","1 year","Rand Labs","Miami, FL Remote","https://boards.greenhouse.io/randlabs/jobs/4079821005"
"Head of NFT Ini.","3 years","Algorand Foundation","Remote, Europe","https://algorandfoundation.bamboohr.com/jobs/view.php?id=82&source=bamboohr"
"Head of Ecosys.","3 years","Algorand Foundation","Remote, US/Europe","https://algorandfoundation.bamboohr.com/jobs/view.php?id=80&source=bamboohr"
"Tech. Recruiter","3 years","Rand Labs","Buenos Aires, Argentina","https://boards.greenhouse.io/randlabs/jobs/4108356005"
"Tech. Prod. Mgr","3 years","Rand Labs","Remote, Miami","https://boards.greenhouse.io/randlabs/jobs/4064583005"
"Head of People","4 years","Rand Labs","Buenos Aires, Argentina","https://boards.greenhouse.io/randlabs/jobs/4104272005"
"Community Mgr.","4 years","Algorand Foundation","Brazil, Remote","https://algorandfoundation.bamboohr.com/jobs/view.php?id=79"
"Community Mgr.","4 years","Algorand Foundation","Remote, Miami","https://algorandfoundation.bamboohr.com/jobs/view.php?id=37&source=bamboohr"
"Community Mgr.","4 years","Algorand Foundation","Remote, UK","https://algorandfoundation.bamboohr.com/jobs/view.php?id=69"
"Community Mgr.","4 years","Algorand Foundation","Remote, Argentina","https://algorandfoundation.bamboohr.com/jobs/view.php?id=63"
"Community Mgr.","4 years","Algorand Foundation","Korea, Japan","https://algorandfoundation.bamboohr.com/jobs/view.php?id=84"
"Head of Communi","4 years","Algorand Foundation","Singapore, Singapore","https://algorandfoundation.bamboohr.com/jobs/view.php?id=68"
"Head of Communi","4 years","Algorand Foundation","Remote, Africa","https://algorandfoundation.bamboohr.com/jobs/view.php?id=78&source=bamboohr"
"Head of Dev. Ed","4 years","Algorand Foundation","Remote, Europe","https://algorandfoundation.bamboohr.com/jobs/view.php?id=60"
"Legal Counsel","5 years","Algorand Foundation","Singapore, Singapore","https://algorandfoundation.bamboohr.com/jobs/view.php?id=64"
"Snr. SE.","5 years","Algorand Inc.","Tel Aviv, Tel Aviv, Israel ","https://www.linkedin.com/jobs/view/3253595318/"
"Snr. Tech. Prod","5 years","Algorand Inc.","Boston, MA Remote","https://www.linkedin.com/jobs/view/3228841837/"
"Snr. SE.","7 years","Rand Labs","Remote, Miami","https://boards.greenhouse.io/randlabs/jobs/4045415005"
"Snr. FE. Dev.","7 years","Rand Labs","Remote, Miami","https://boards.greenhouse.io/randlabs/jobs/4079485005"
"Principal SE.","8 years","Algorand Inc.","Boston, MA Remote","https://www.linkedin.com/jobs/view/3228845260/"
"Head of Communi","9 years","Algorand Foundation","Korea, Japan","https://algorandfoundation.bamboohr.com/jobs/view.php?id=67&source=bamboohr"
"Legal Counsel","10 years","Algorand Foundation","Dublin, Ireland","https://algorandfoundation.bamboohr.com/jobs/view.php?id=83&source=bamboohr"
"Snr. Oper. Dir.","10 years","Algorand Foundation","Remote, Europe","https://algorandfoundation.bamboohr.com/jobs/view.php?id=65"
"Copywriter","Mid-level","Algorand Foundation","Remote, UK","https://algorandfoundation.bamboohr.com/jobs/view.php?id=53"
"Social Med. Mgr","Mid-level","Algorand Foundation","Remote, Europe","https://algorandfoundation.bamboohr.com/jobs/view.php?id=74"
"Gov. Prog. Mgr.","Manager/Supervisor","Algorand Foundation","Remote, Europe","https://algorandfoundation.bamboohr.com/jobs/view.php?id=75"